<?xml version = '1.0' encoding = 'UTF-8'?>
<Entity class="oracle.dbtools.crest.model.design.logical.Entity" directorySegmentName="seg_0" id="11C4F666-7146-09BB-A761-EE3416058B88" name="T_RHSTU_EMAIL_PACIENTE">
<createdBy>Gustavo Padlipskas</createdBy>
<createdTime>2021-03-11 15:07:51 UTC</createdTime>
<ownerDesignName>EXERCICIO-07</ownerDesignName>
<engineerTo>
<item key="BD52EFD7-AD57-1D29-FBCE-37428351E3D1" value="true"/>
</engineerTo>
<adequatelyNormalized>NO</adequatelyNormalized>
<expectedVolumes>0</expectedVolumes>
<fwdEngineeringStrategyName>Single Table</fwdEngineeringStrategyName>
<growthPercent>0</growthPercent>
<growthType>Year</growthType>
<maxVolumes>9999999</maxVolumes>
<minVolumes>0</minVolumes>
<normalForm>Third</normalForm>
<attributes itemClass="oracle.dbtools.crest.model.design.logical.Attribute">
<Attribute name="ID_EMAIL" id="2D1E5EF8-0E6E-26B3-CDF5-5013F3B65A20">
<createdBy>Gustavo Padlipskas</createdBy>
<createdTime>2021-03-11 15:08:05 UTC</createdTime>
<comment><![CDATA[Esse atributo irá receber a chave primária do email do paciente. Esse número é sequencial e gerado automaticamente pelo sistema. Seu conteúdo é obrigatório.]]></comment>
<commentInRDBMS><![CDATA[Esse atributo irá receber a chave primária do email do paciente. Esse número é sequencial e gerado automaticamente pelo sistema. Seu conteúdo é obrigatório.]]></commentInRDBMS>
<ownerDesignName>EXERCICIO-07</ownerDesignName>
<engineerTo>
<item key="BD52EFD7-AD57-1D29-FBCE-37428351E3D1" value="true"/>
</engineerTo>
<useDomainConstraints>false</useDomainConstraints>
<use>1</use>
<logicalDatatype>LOGDT019</logicalDatatype>
<dataTypePrecision>9</dataTypePrecision>
<ownDataTypeParameters>,9,</ownDataTypeParameters>
</Attribute>
<Attribute name="ID_PACIENTE" id="50058C53-A392-9A49-A2A2-8F66CB47FD60">
<createdBy>Gustavo Padlipskas</createdBy>
<createdTime>2021-03-11 15:09:39 UTC</createdTime>
<comment><![CDATA[Esse atributo irá receber a chave primária do paciente. Esse número é sequencial e gerado automaticamente pelo sistema. Seu conteúdo é obrigatório.]]></comment>
<commentInRDBMS><![CDATA[Esse atributo irá receber a chave primária do paciente. Esse número é sequencial e gerado automaticamente pelo sistema. Seu conteúdo é obrigatório.]]></commentInRDBMS>
<generatorID>4A5CFF10-AE2B-B882-7CFA-1E589D821947</generatorID>
<ownerDesignName>EXERCICIO-07</ownerDesignName>
<engineerTo>
<item key="BD52EFD7-AD57-1D29-FBCE-37428351E3D1" value="true"/>
</engineerTo>
<referedAttribute>15A097FF-A07C-398B-0F86-D42FFB66F5C7</referedAttribute>
<useDomainConstraints>false</useDomainConstraints>
<use>1</use>
<logicalDatatype>LOGDT019</logicalDatatype>
<dataTypePrecision>9</dataTypePrecision>
<ownDataTypeParameters>,9,</ownDataTypeParameters>
</Attribute>
<Attribute name="DS_EMAIL" id="B38701FA-27BF-B751-4419-9BBB23FE918E">
<createdBy>Gustavo Padlipskas</createdBy>
<createdTime>2021-03-11 15:08:18 UTC</createdTime>
<comment><![CDATA[Esse atributo irá receber o email do paciente.  Seu conteúdo é obrigatório.]]></comment>
<commentInRDBMS><![CDATA[Esse atributo irá receber o email do paciente.  Seu conteúdo é obrigatório.]]></commentInRDBMS>
<ownerDesignName>EXERCICIO-07</ownerDesignName>
<engineerTo>
<item key="BD52EFD7-AD57-1D29-FBCE-37428351E3D1" value="true"/>
</engineerTo>
<useDomainConstraints>false</useDomainConstraints>
<use>1</use>
<logicalDatatype>LOGDT024</logicalDatatype>
<dataTypeSize>100 CHAR</dataTypeSize>
<ownDataTypeParameters>100 CHAR,,</ownDataTypeParameters>
</Attribute>
<Attribute name="TP_EMAIL" id="A196748A-6C8E-302B-AEC4-3CD1C31B4AA4">
<createdBy>Gustavo Padlipskas</createdBy>
<createdTime>2021-03-11 15:08:37 UTC</createdTime>
<comment><![CDATA[Esse atributo irá receber o tipo email do paciente.  Seu conteúdo é obrigatório e deve possuir os seguintes valores: Pessoal ou Profissional.]]></comment>
<commentInRDBMS><![CDATA[Esse atributo irá receber o tipo email do paciente.  Seu conteúdo é obrigatório e deve possuir os seguintes valores: Pessoal ou Profissional.]]></commentInRDBMS>
<ownerDesignName>EXERCICIO-07</ownerDesignName>
<engineerTo>
<item key="BD52EFD7-AD57-1D29-FBCE-37428351E3D1" value="true"/>
</engineerTo>
<useDomainConstraints>false</useDomainConstraints>
<use>1</use>
<logicalDatatype>LOGDT024</logicalDatatype>
<dataTypeSize>20 CHAR</dataTypeSize>
<ownDataTypeParameters>20 CHAR,,</ownDataTypeParameters>
</Attribute>
<Attribute name="ST_EMAIL" id="D2F55C51-B272-E783-93DA-C1BE3F4AF294">
<createdBy>Gustavo Padlipskas</createdBy>
<createdTime>2021-03-11 15:08:52 UTC</createdTime>
<comment><![CDATA[Esse atributo irá receber o status do email do paciente.  Seu conteúdo é obrigatório e deve possuir os seguintes valores: Ativo ou Inativo.]]></comment>
<commentInRDBMS><![CDATA[Esse atributo irá receber o status do email do paciente.  Seu conteúdo é obrigatório e deve possuir os seguintes valores: Ativo ou Inativo.]]></commentInRDBMS>
<ownerDesignName>EXERCICIO-07</ownerDesignName>
<engineerTo>
<item key="BD52EFD7-AD57-1D29-FBCE-37428351E3D1" value="true"/>
</engineerTo>
<useDomainConstraints>false</useDomainConstraints>
<use>1</use>
<logicalDatatype>LOGDT024</logicalDatatype>
<dataTypeSize>15 CHAR</dataTypeSize>
<ownDataTypeParameters>15 CHAR,,</ownDataTypeParameters>
</Attribute>
</attributes>
<identifiers itemClass="oracle.dbtools.crest.model.design.logical.CandidateKey">
<identifier id="F1CBA93E-13C7-7787-36D1-38AD01726EB4" name="PK_RHSTU_EMAIL_PACIENTE">
<createdBy>Gustavo Padlipskas</createdBy>
<createdTime>2021-03-11 15:08:16 UTC</createdTime>
<ownerDesignName>EXERCICIO-07</ownerDesignName>
<engineerTo>
<item key="BD52EFD7-AD57-1D29-FBCE-37428351E3D1" value="true"/>
</engineerTo>
<pk>true</pk>
<newElementsIDs>2D1E5EF8-0E6E-26B3-CDF5-5013F3B65A20</newElementsIDs>
<usedAttributes>
<attributeRef>2D1E5EF8-0E6E-26B3-CDF5-5013F3B65A20</attributeRef>
</usedAttributes>
</identifier>
</identifiers>
</Entity>