<?xml version = '1.0' encoding = 'UTF-8'?>
<Diagram class="oracle.dbtools.crest.swingui.logical.DPVLogical" name="Logical" id="C93A317F-40C4-8454-609B-BA5EA143DC15">
<createdBy>Gustavo Padlipskas</createdBy>
<modifiedBy>Gustavo Padlipskas</modifiedBy>
<createdTime>2021-03-11 14:57:46 UTC</createdTime>
<autoRoute>false</autoRoute>
<boxInbox>true</boxInbox>
<showLegend>false</showLegend>
<showLabels>false</showLabels>
<showRelAttributes>false</showRelAttributes>
<gridEnabled>false</gridEnabled>
<showGrid>false</showGrid>
<diagramColor>-1</diagramColor>
<display>false</display>
<notation>2</notation>
<objectViews>
<OView class="oracle.dbtools.crest.swingui.logical.TVEntity" oid="11C4F666-7146-09BB-A761-EE3416058B88" otype="Entity" vid="5ACC5C94-FE56-6C68-C3A1-DB2EF3392858">
<hideElementsInCurrentOnly>false</hideElementsInCurrentOnly>
<bounds x="171" y="288" width="304" height="128"/>
</OView>
<OView class="oracle.dbtools.crest.swingui.logical.TVEntity" oid="1A38783D-A6E3-011F-AE94-7991B8C23B12" otype="Entity" vid="B015E11D-502B-1F49-31F9-2CEBEB2E84E8">
<hideElementsInCurrentOnly>false</hideElementsInCurrentOnly>
<bounds x="945" y="112" width="301" height="149"/>
</OView>
<OView class="oracle.dbtools.crest.swingui.logical.TVEntity" oid="20488E9D-0F0F-B9F4-2C92-866561F483A3" otype="Entity" vid="F4553CEF-304B-BDB8-9FCB-26AC6365F09A">
<hideElementsInCurrentOnly>false</hideElementsInCurrentOnly>
<bounds x="209" y="872" width="216" height="110"/>
</OView>
<OView class="oracle.dbtools.crest.swingui.logical.TVEntity" oid="506DDC9A-FC9E-D13D-7FAD-ED571E3AEA46" otype="Entity" vid="17E983DE-37CB-93F1-22B4-D334D77A1EA5">
<hideElementsInCurrentOnly>false</hideElementsInCurrentOnly>
<bounds x="603" y="112" width="286" height="377"/>
</OView>
<OView class="oracle.dbtools.crest.swingui.logical.TVEntity" oid="62D01CD6-2F78-C150-EDE6-828E39ACBC85" otype="Entity" vid="DC79CE76-FFC9-949C-E922-6D94E493ABC2">
<hideElementsInCurrentOnly>false</hideElementsInCurrentOnly>
<bounds x="1228" y="277" width="301" height="204"/>
</OView>
<OView class="oracle.dbtools.crest.swingui.logical.TVEntity" oid="79FECE95-CF66-DB38-4C06-AF9CA83F1DA9" otype="Entity" vid="E7CB8064-F03F-E79F-57CB-E7C54541A6D8">
<hideElementsInCurrentOnly>false</hideElementsInCurrentOnly>
<bounds x="172" y="610" width="301" height="189"/>
</OView>
<OView class="oracle.dbtools.crest.swingui.logical.TVEntity" oid="85038D67-D0EC-D063-68B4-A209473C9D5E" otype="Entity" vid="85C8D89B-E961-9C17-6B68-9D8BC2550DE8">
<hideElementsInCurrentOnly>false</hideElementsInCurrentOnly>
<bounds x="997" y="412" width="214" height="110"/>
</OView>
<OView class="oracle.dbtools.crest.swingui.TVNote" oid="85D1CBFA-1EB5-3B32-1365-22AA201481E3" otype="Note" vid="26AC02A3-FF41-873E-27CA-AB026F3D9BD7">
<hideElementsInCurrentOnly>false</hideElementsInCurrentOnly>
<bounds x="176" y="17" width="473" height="84"/>
<useCustomFormat>true</useCustomFormat>
<useDefaultColor>false</useDefaultColor>
<backgroundColor>-13210</backgroundColor>
<foregroundColor>-16777216</foregroundColor>
<comment>PROJETO PRONTO SOCORRO
REDE DE HOSPITAL SOMOS TODOS UM!</comment>
<fonts itemClass="oracle.dbtools.crest.model.design.FontObjectWr">
<FontObject>
<foType>Título</foType>
<fontName>Arial Black</fontName>
<fontSize>20</fontSize>
<colorRGB>-16777216</colorRGB>
<foTypeID>1</foTypeID>
</FontObject>
<FontObject>
<foType>Title</foType>
<colorRGB>-16777216</colorRGB>
</FontObject>
</fonts>
</OView>
<OView class="oracle.dbtools.crest.swingui.logical.TVEntity" oid="C5153E1A-0C36-99E4-0FDF-BD7427056DA5" otype="Entity" vid="215D9DC1-BCE2-F17F-FF5A-85908EA24CEA">
<hideElementsInCurrentOnly>false</hideElementsInCurrentOnly>
<bounds x="174" y="115" width="301" height="146"/>
</OView>
<OView class="oracle.dbtools.crest.swingui.logical.TVEntity" oid="C56AEBD0-7E00-7DAD-2A3B-8BD40061F5A9" otype="Entity" vid="6D9EA320-953F-14E1-258B-A932D30237D9">
<hideElementsInCurrentOnly>false</hideElementsInCurrentOnly>
<bounds x="1046" y="581" width="220" height="115"/>
</OView>
<OView class="oracle.dbtools.crest.swingui.logical.TVEntity" oid="CA18F23D-8B6D-61B9-2EBC-7956EA6EC5D3" otype="Entity" vid="05DBC227-8EF3-344A-4BBF-E441A79F22AC">
<hideElementsInCurrentOnly>false</hideElementsInCurrentOnly>
<bounds x="223" y="429" width="220" height="156"/>
</OView>
<OView class="oracle.dbtools.crest.swingui.logical.TVEntity" oid="CAE63D5C-FA46-DA05-291D-441B59B3C713" otype="Entity" vid="E9074CFF-D779-ACCC-D341-3C069407EB11">
<hideElementsInCurrentOnly>false</hideElementsInCurrentOnly>
<bounds x="557" y="555" width="448" height="200"/>
</OView>
<OView class="oracle.dbtools.crest.swingui.logical.TVEntity" oid="CDD54745-3930-D1D7-5257-BDB05A5DBC33" otype="Entity" vid="B7DBA72F-428B-E586-56A9-01EB11C9CA56">
<hideElementsInCurrentOnly>false</hideElementsInCurrentOnly>
<bounds x="1303" y="109" width="301" height="126"/>
</OView>
<OView class="oracle.dbtools.crest.swingui.logical.TVEntity" oid="F1DFF515-F85E-E558-8C62-EFD82F5CC5DE" otype="Entity" vid="365DFF65-E722-B621-97BF-767F837F8837">
<hideElementsInCurrentOnly>false</hideElementsInCurrentOnly>
<bounds x="610" y="797" width="301" height="204"/>
</OView>
</objectViews>
<connectors>
<Connector class="oracle.dbtools.crest.swingui.logical.TVRelation" oid="20403068-9FFF-7A08-63D5-13C205008336" otype="Relation" vid_source="B7DBA72F-428B-E586-56A9-01EB11C9CA56" vid_target="B015E11D-502B-1F49-31F9-2CEBEB2E84E8">
<hideElementsInCurrentOnly>false</hideElementsInCurrentOnly>
<backgroundColor>-16777216</backgroundColor>
<lineWidth>1</lineWidth>
<points>
<point x="1303" y="173"/>
<point x="1246" y="173"/>
</points>
</Connector>
<Connector class="oracle.dbtools.crest.swingui.logical.TVRelation" oid="3176565D-31DF-17FB-B654-E7B219280F65" otype="Relation" vid_source="85C8D89B-E961-9C17-6B68-9D8BC2550DE8" vid_target="17E983DE-37CB-93F1-22B4-D334D77A1EA5">
<hideElementsInCurrentOnly>false</hideElementsInCurrentOnly>
<backgroundColor>-16777216</backgroundColor>
<lineWidth>1</lineWidth>
<points>
<point x="997" y="450"/>
<point x="889" y="450"/>
</points>
</Connector>
<Connector class="oracle.dbtools.crest.swingui.logical.TVRelation" oid="44E5549C-C7C7-BF95-744C-5BB1486C3FD3" otype="Relation" vid_source="E7CB8064-F03F-E79F-57CB-E7C54541A6D8" vid_target="E9074CFF-D779-ACCC-D341-3C069407EB11">
<hideElementsInCurrentOnly>false</hideElementsInCurrentOnly>
<backgroundColor>-16777216</backgroundColor>
<lineWidth>1</lineWidth>
<points>
<point x="473" y="682"/>
<point x="557" y="682"/>
</points>
</Connector>
<Connector class="oracle.dbtools.crest.swingui.logical.TVRelation" oid="4A5CFF10-AE2B-B882-7CFA-1E589D821947" otype="Relation" vid_source="17E983DE-37CB-93F1-22B4-D334D77A1EA5" vid_target="5ACC5C94-FE56-6C68-C3A1-DB2EF3392858">
<hideElementsInCurrentOnly>false</hideElementsInCurrentOnly>
<backgroundColor>-16777216</backgroundColor>
<lineWidth>1</lineWidth>
<points>
<point x="603" y="352"/>
<point x="475" y="352"/>
</points>
</Connector>
<Connector class="oracle.dbtools.crest.swingui.logical.TVRelation" oid="64277932-723C-53E9-4B5B-01730F978667" otype="Relation" vid_source="17E983DE-37CB-93F1-22B4-D334D77A1EA5" vid_target="E9074CFF-D779-ACCC-D341-3C069407EB11">
<hideElementsInCurrentOnly>false</hideElementsInCurrentOnly>
<backgroundColor>-16777216</backgroundColor>
<lineWidth>1</lineWidth>
<points>
<point x="746" y="489"/>
<point x="746" y="555"/>
</points>
</Connector>
<Connector class="oracle.dbtools.crest.swingui.logical.TVRelation" oid="6AB1A4E9-6FF4-9748-0652-4D57550AB967" otype="Relation" vid_source="F4553CEF-304B-BDB8-9FCB-26AC6365F09A" vid_target="365DFF65-E722-B621-97BF-767F837F8837">
<hideElementsInCurrentOnly>false</hideElementsInCurrentOnly>
<backgroundColor>-16777216</backgroundColor>
<lineWidth>1</lineWidth>
<points>
<point x="425" y="927"/>
<point x="610" y="927"/>
</points>
</Connector>
<Connector class="oracle.dbtools.crest.swingui.logical.TVRelation" oid="8BCC4E83-DAA8-181A-7DE9-422F9A8742E1" otype="Relation" vid_source="17E983DE-37CB-93F1-22B4-D334D77A1EA5" vid_target="215D9DC1-BCE2-F17F-FF5A-85908EA24CEA">
<hideElementsInCurrentOnly>false</hideElementsInCurrentOnly>
<backgroundColor>-16777216</backgroundColor>
<lineWidth>1</lineWidth>
<points>
<point x="603" y="188"/>
<point x="475" y="188"/>
</points>
</Connector>
<Connector class="oracle.dbtools.crest.swingui.logical.TVRelation" oid="A21FC0BD-35AC-2B8F-EFF7-76513F860B7D" otype="Relation" vid_source="85C8D89B-E961-9C17-6B68-9D8BC2550DE8" vid_target="6D9EA320-953F-14E1-258B-A932D30237D9">
<hideElementsInCurrentOnly>false</hideElementsInCurrentOnly>
<backgroundColor>-16777216</backgroundColor>
<lineWidth>1</lineWidth>
<points>
<point x="1143" y="522"/>
<point x="1143" y="581"/>
</points>
</Connector>
<Connector class="oracle.dbtools.crest.swingui.logical.TVRelation" oid="B99331BB-0605-C347-7BB9-BF08521D724D" otype="Relation" vid_source="17E983DE-37CB-93F1-22B4-D334D77A1EA5" vid_target="DC79CE76-FFC9-949C-E922-6D94E493ABC2">
<hideElementsInCurrentOnly>false</hideElementsInCurrentOnly>
<backgroundColor>-16777216</backgroundColor>
<lineWidth>1</lineWidth>
<points>
<point x="889" y="379"/>
<point x="1228" y="379"/>
</points>
</Connector>
<Connector class="oracle.dbtools.crest.swingui.logical.TVRelation" oid="BE74AD04-FAD7-3E9B-E089-1796656CDFB1" otype="Relation" vid_source="F4553CEF-304B-BDB8-9FCB-26AC6365F09A" vid_target="E7CB8064-F03F-E79F-57CB-E7C54541A6D8">
<hideElementsInCurrentOnly>false</hideElementsInCurrentOnly>
<backgroundColor>-16777216</backgroundColor>
<lineWidth>1</lineWidth>
<points>
<point x="317" y="872"/>
<point x="317" y="799"/>
</points>
</Connector>
<Connector class="oracle.dbtools.crest.swingui.logical.TVRelation" oid="DE1DF8BF-A74C-3932-5D5D-DC1555633DE6" otype="Relation" vid_source="17E983DE-37CB-93F1-22B4-D334D77A1EA5" vid_target="B015E11D-502B-1F49-31F9-2CEBEB2E84E8">
<hideElementsInCurrentOnly>false</hideElementsInCurrentOnly>
<backgroundColor>-16777216</backgroundColor>
<lineWidth>1</lineWidth>
<points>
<point x="889" y="186"/>
<point x="945" y="186"/>
</points>
</Connector>
<Connector class="oracle.dbtools.crest.swingui.logical.TVRelation" oid="F433A5F6-84F7-8DD1-56DE-E19244E82E47" otype="Relation" vid_source="17E983DE-37CB-93F1-22B4-D334D77A1EA5" vid_target="05DBC227-8EF3-344A-4BBF-E441A79F22AC">
<hideElementsInCurrentOnly>false</hideElementsInCurrentOnly>
<backgroundColor>-16777216</backgroundColor>
<lineWidth>1</lineWidth>
<points>
<point x="603" y="459"/>
<point x="443" y="459"/>
</points>
</Connector>
</connectors>
</Diagram>