<?xml version = '1.0' encoding = 'UTF-8'?>
<Relation class="oracle.dbtools.crest.model.design.logical.Relation" name="Relation_11" directorySegmentName="seg_0" id="6AB1A4E9-6FF4-9748-0652-4D57550AB967">
<createdBy>Johnny</createdBy>
<createdTime>2025-04-30 04:08:45 UTC</createdTime>
<ownerDesignName>EXERCICIO-07</ownerDesignName>
<engineerTo>
<item key="BD52EFD7-AD57-1D29-FBCE-37428351E3D1" value="true"/>
</engineerTo>
<sourcePk>7E735E80-3F26-88E1-A7DD-F940B709BE42</sourcePk>
<targetPk>7D383D73-59D6-FB94-E854-BA05F44C0555</targetPk>
<identifying>false</identifying>
<optionalSource>false</optionalSource>
<optionalTarget>false</optionalTarget>
<sourceCardinality>1</sourceCardinality>
<sourceEntity>20488E9D-0F0F-B9F4-2C92-866561F483A3</sourceEntity>
<targetCardinalityString>1</targetCardinalityString>
<targetEntity>F1DFF515-F85E-E558-8C62-EFD82F5CC5DE</targetEntity>
<transferable>true</transferable>
<deleteRule>NO ACTION</deleteRule>
</Relation>